<root DSID="DSPNY_APINQUIRY">
	<table name="PNY_TX_APPLICATION" connid="cn1">
		<field fieldname="APPL_ID" fieldtype="NUMBER" fieldview="APPL_ID"/>
		<field fieldname="ACCEPT_DATE" fieldtype="DATE" fieldview="ACCEPT_DATE"/>
		<field fieldname="CLIENT_ID" fieldtype="NUMBER" fieldview="CLIENT_ID"/>
		<field fieldname="APPL_NO" fieldtype="VARCHAR2" fieldview="APPL_NO"/>
		<field fieldname="APPLICANT_NAME" fieldtype="VARCHAR2" fieldview="APPLICANT_NAME"/>
		<field fieldname="CARD_ID_NO" fieldtype="NUMBER" fieldview="CARD_ID_NO"/>
		<field fieldname="PRODUCT_TYPE" fieldtype="VARCHAR2" fieldview="PRODUCT_TYPE"/>
		<field fieldname="SURVEY_TYPE" fieldtype="VARCHAR2" fieldview="SURVEY_TYPE"/>
		<field fieldname="UPLOAD_ID" fieldtype="NUMBER" fieldview="UPLOAD_ID"/>
		<field fieldname="DELIVER_DATE" fieldtype="DATE" fieldview="DELIVER_DATE"/>
		<field fieldname="APPL_STATUS" fieldtype="VARCHAR2" fieldview="APPL_STATUS"/>
		<field fieldname="RECORD_STATUS" fieldtype="VARCHAR2" fieldview="RECORD_STATUS"/>
		<field fieldname="CREATOR_ID" fieldtype="VARCHAR2" fieldview="CREATOR_ID"/>
		<field fieldname="CREATE_DATE" fieldtype="DATE" fieldview="CREATE_DATE"/>
		<field fieldname="LAST_USER_ID" fieldtype="VARCHAR2" fieldview="LAST_USER_ID"/>
		<field fieldname="LAST_UPDATE" fieldtype="DATE" fieldview="LAST_UPDATE"/>
		<pkey id="1" fieldname="APPL_ID" fieldtype="NUMBER" seq="PNY_TX_APPLICATION_SEQ"/>
	</table>
	<table name="PNY_TX_SURVEY" connid="cn1">
		<field fieldname="SURVEY_ID" fieldtype="NUMBER" fieldview="SURVEY_ID" />
		<field fieldname="APPL_ID" fieldtype="NUMBER" fieldview="APPL_ID" />
		<field fieldname="SURVEY_TYPE" fieldtype="VARCHAR2" fieldview="SURVEY_TYPE" />
		<field fieldname="SURVEYOR_ID" fieldtype="NUMBER" fieldview="SURVEYOR_ID" />
		<field fieldname="SURVEY_DATE" fieldtype="DATE" fieldview="SURVEY_DATE" />
		<field fieldname="SURVEY_METHOD" fieldtype="VARCHAR2" fieldview="SURVEY_METHOD" />
		<field fieldname="ID_NO" fieldtype="VARCHAR2" fieldview="ID_NO" />
		<field fieldname="NAME1" fieldtype="VARCHAR2" fieldview="NAME1" />
		<field fieldname="ADDRESS1" fieldtype="VARCHAR2" fieldview="ADDRESS1" />
		<field fieldname="RT1" fieldtype="VARCHAR2" fieldview="RT1" />
		<field fieldname="RW1" fieldtype="VARCHAR2" fieldview="RW1" />
		<field fieldname="CITY1" fieldtype="VARCHAR2" fieldview="CITY1" />
		<field fieldname="POSTAL_CODE1" fieldtype="VARCHAR2" fieldview="POSTAL_CODE1" />
		<field fieldname="PHONE_CODE1" fieldtype="VARCHAR2" fieldview="PHONE_CODE1" />
		<field fieldname="PHONE_NO1" fieldtype="VARCHAR2" fieldview="PHONE_NO1" />
		<field fieldname="NAME2" fieldtype="VARCHAR2" fieldview="NAME2" />
		<field fieldname="ADDRESS2" fieldtype="VARCHAR2" fieldview="ADDRESS2" />
		<field fieldname="RT2" fieldtype="VARCHAR2" fieldview="RT2" />
		<field fieldname="RW2" fieldtype="VARCHAR2" fieldview="RW2" />
		<field fieldname="CITY2" fieldtype="VARCHAR2" fieldview="CITY2" />
		<field fieldname="OWNER_NAME" fieldtype="VARCHAR2" fieldview="OWNER_NAME" />
		<field fieldname="BUSINESS_TYPE" fieldtype="VARCHAR2" fieldview="BUSINESS_TYPE" />
		<field fieldname="POSTAL_CODE2" fieldtype="VARCHAR2" fieldview="POSTAL_CODE2" />
		<field fieldname="PHONE_CODE2" fieldtype="VARCHAR2" fieldview="PHONE_CODE2" />
		<field fieldname="PHONE_NO2" fieldtype="VARCHAR2" fieldview="PHONE_NO2" />
		<field fieldname="CREATOR_ID" fieldtype="VARCHAR2" fieldview="CREATOR_ID" />
		<field fieldname="CREATE_DATE" fieldtype="DATE" fieldview="CREATE_DATE" />
		<field fieldname="LAST_USER_ID" fieldtype="VARCHAR2" fieldview="LAST_USER_ID" />
		<field fieldname="LAST_UPDATE" fieldtype="DATE" fieldview="LAST_UPDATE" />
		<field fieldname="BRANCH_ID1" fieldtype="NUMBER" fieldview="BRANCH_ID1" />
		<field fieldname="NOTE_FOR_SUPERVISOR" fieldtype="VARCHAR2" fieldview="NOTE_FOR_SUPERVISOR" />
		<pkey id="1" fieldname="SURVEY_ID" fieldtype="NUMBER" seq="PNY_TX_SURVEY_SEQ"/>
	</table>
	<table name="PNY_TX_SURVEY_HOME" connid="cn1">
		<field fieldname="SURVEY_HOME_ID" fieldtype="NUMBER" fieldview="SURVEY_HOME_ID" />
		<field fieldname="SURVEY_ID" fieldtype="NUMBER" fieldview="SURVEY_ID" />
		<field fieldname="APPL_ID" fieldtype="NUMBER" fieldview="APPL_ID" />
		<field fieldname="IS_CORRESPOND_ADDRESS" fieldtype="VARCHAR2" fieldview="IS_CORRESPOND_ADDRESS" />
		<field fieldname="NEW_HOME_ADDRESS" fieldtype="VARCHAR2" fieldview="NEW_HOME_ADDRESS" />
		<field fieldname="IS_FOUND_ADDRESS" fieldtype="VARCHAR2" fieldview="IS_FOUND_ADDRESS" />
		<field fieldname="IS_MOVED_ADDRESS" fieldtype="VARCHAR2" fieldview="IS_MOVED_ADDRESS" />
		<field fieldname="IS_UNKNOWN_APPLICANT" fieldtype="VARCHAR2" fieldview="IS_UNKNOWN_APPLICANT" />
		<field fieldname="REFF_ADDRESS" fieldtype="VARCHAR2" fieldview="REFF_ADDRESS" />
		<field fieldname="NAME_OF_SURVEY1" fieldtype="VARCHAR2" fieldview="NAME_OF_SURVEY1" />
		<field fieldname="SEX_TYPE" fieldtype="VARCHAR2" fieldview="SEX_TYPE" />
		<field fieldname="RESOURCE_RELATION_INFO1" fieldtype="VARCHAR2" fieldview="RESOURCE_RELATION_INFO1" />
		<field fieldname="HOME_ENVIRONMENT" fieldtype="VARCHAR2" fieldview="HOME_ENVIRONMENT" />
		<field fieldname="HOME_LOCATION" fieldtype="VARCHAR2" fieldview="HOME_LOCATION" />
		<field fieldname="ROAD_CONDITION" fieldtype="VARCHAR2" fieldview="ROAD_CONDITION" />
		<field fieldname="NUMBER_OF_AMENABILITY" fieldtype="NUMBER" fieldview="NUMBER_OF_AMENABILITY" />
		<field fieldname="MARITAL_STATUS" fieldtype="VARCHAR2" fieldview="MARITAL_STATUS" />
		<field fieldname="LENGTH_OF_STAY_YEAR" fieldtype="NUMBER" fieldview="LENGTH_OF_STAY_YEAR" />
		<field fieldname="LENGTH_OF_STAY_MONTH" fieldtype="NUMBER" fieldview="LENGTH_OF_STAY_MONTH" />
		<field fieldname="IS_APPLICANT_STAYED" fieldtype="VARCHAR2" fieldview="IS_APPLICANT_STAYED" />
		<field fieldname="OFFICE_NAME_APPLICANT" fieldtype="VARCHAR2" fieldview="OFFICE_NAME_APPLICANT" />
		<field fieldname="HOME_FACILITY" fieldtype="VARCHAR2" fieldview="HOME_FACILITY" />
		<field fieldname="OWNERSHIP_STATUS1" fieldtype="VARCHAR2" fieldview="OWNERSHIP_STATUS1" />
		<field fieldname="NUMBER_OF_OCCUPANT" fieldtype="NUMBER" fieldview="NUMBER_OF_OCCUPANT" />
		<field fieldname="MM_NAME" fieldtype="VARCHAR2" fieldview="MM_NAME" />
		<field fieldname="COUPLE_NAME" fieldtype="VARCHAR2" fieldview="COUPLE_NAME" />
		<field fieldname="OFFICE_NAME_SPOUSE_APPLICANT" fieldtype="VARCHAR2" fieldview="OFFICE_NAME_SPOUSE_APPLICANT" />
		<field fieldname="NAME_OF_SURVEY2" fieldtype="VARCHAR2" fieldview="NAME_OF_SURVEY2" />
		<field fieldname="RESOURCE_RELATION_INFO2" fieldtype="VARCHAR2" fieldview="RESOURCE_RELATION_INFO2" />
		<field fieldname="IS_KNOWN_APPLICANT2" fieldtype="VARCHAR2" fieldview="IS_KNOWN_APPLICANT2" />
		<field fieldname="UNKNOWN_APPLICANT2" fieldtype="VARCHAR2" fieldview="UNKNOWN_APPLICANT2" />
		<field fieldname="IS_CORRESPOND_OWNERSHIP2" fieldtype="VARCHAR2" fieldview="IS_CORRESPOND_OWNERSHIP2" />
		<field fieldname="UNCORRESPOND_OWNERSHIP2" fieldtype="VARCHAR2" fieldview="UNCORRESPOND_OWNERSHIP2" />
		<field fieldname="IS_CORRESPOND_LENGTH_OF_STAY2" fieldtype="VARCHAR2" fieldview="IS_CORRESPOND_LENGTH_OF_STAY2" />
		<field fieldname="UNCORRESPOND_LENGTH_OF_STAY2" fieldtype="VARCHAR2" fieldview="UNCORRESPOND_LENGTH_OF_STAY2" />
		<field fieldname="IS_LSM_MEMBER2" fieldtype="VARCHAR2" fieldview="IS_LSM_MEMBER2" />
		<field fieldname="NON_LSM_MEMBER2" fieldtype="VARCHAR2" fieldview="NON_LSM_MEMBER2" />
		<field fieldname="NAME_OF_SURVEY3" fieldtype="VARCHAR2" fieldview="NAME_OF_SURVEY3" />
		<field fieldname="RESOURCE_RELATION_INFO3" fieldtype="VARCHAR2" fieldview="RESOURCE_RELATION_INFO3" />
		<field fieldname="IS_KNOWN_APPLICANT3" fieldtype="VARCHAR2" fieldview="IS_KNOWN_APPLICANT3" />
		<field fieldname="UNKNOWN_APPLICANT3" fieldtype="VARCHAR2" fieldview="UNKNOWN_APPLICANT3" />
		<field fieldname="IS_CORRESPOND_OWNERSHIP3" fieldtype="VARCHAR2" fieldview="IS_CORRESPOND_OWNERSHIP3" />
		<field fieldname="UNCORRESPOND_OWNERSHIP3" fieldtype="VARCHAR2" fieldview="UNCORRESPOND_OWNERSHIP3" />
		<field fieldname="IS_CORRESPOND_LENGTH_OF_STAY3" fieldtype="VARCHAR2" fieldview="IS_CORRESPOND_LENGTH_OF_STAY3" />
		<field fieldname="UNCORRESPOND_LENGTH_OF_STAY3" fieldtype="VARCHAR2" fieldview="UNCORRESPOND_LENGTH_OF_STAY3" />
		<field fieldname="IS_LSM_MEMBER3" fieldtype="VARCHAR2" fieldview="IS_LSM_MEMBER3" />
		<field fieldname="NON_LSM_MEMBER3" fieldtype="VARCHAR2" fieldview="NON_LSM_MEMBER3" />
		<field fieldname="HOME_CONDITION" fieldtype="VARCHAR2" fieldview="HOME_CONDITION" />
		<field fieldname="LENGTH_OF_LAND" fieldtype="NUMBER" fieldview="LENGTH_OF_LAND" />
		<field fieldname="WIDTH_OF_LAND" fieldtype="NUMBER" fieldview="WIDTH_OF_LAND" />
		<field fieldname="LENGTH_OF_BUILD" fieldtype="NUMBER" fieldview="LENGTH_OF_BUILD" />
		<field fieldname="WIDTH_OF_BUILD" fieldtype="NUMBER" fieldview="WIDTH_OF_BUILD" />
		<field fieldname="WIDTH_OF_ROAD" fieldtype="NUMBER" fieldview="WIDTH_OF_ROAD" />
		<field fieldname="NUMBER_OF_FLOOR" fieldtype="NUMBER" fieldview="NUMBER_OF_FLOOR" />
		<field fieldname="NUMBER_OF_VEHICLE" fieldtype="NUMBER" fieldview="NUMBER_OF_VEHICLE" />
		<field fieldname="SURVEY_NOTE" fieldtype="VARCHAR2" fieldview="SURVEY_NOTE" />
		<field fieldname="SURVEY_ADD_INFO" fieldtype="VARCHAR2" fieldview="SURVEY_ADD_INFO" />
		<pkey id="1" fieldname="SURVEY_HOME_ID" fieldtype="NUMBER" seq="PNY_TX_SURVEY_HOME_SEQ"/>
	</table>
	<table name="PNY_TX_SURVEY_OFFICE" connid="cn1">
		<field fieldname="SURVEY_OFICE_ID"	fieldtype="NUMBER" fieldview="SURVEY_OFICE_ID" />
		<field fieldname="SURVEY_ID"	fieldtype="NUMBER" fieldview="SURVEY_ID" />
		<field fieldname="APPL_ID"	fieldtype="NUMBER" fieldview="APPL_ID" />
		<field fieldname="IS_CORRESPOND_ADDRESS"	fieldtype="VARCHAR2" fieldview="OF_IS_CORRESPOND_ADDRESS" />
		<field fieldname="NEW_HOME_ADDRESS"	fieldtype="VARCHAR2" fieldview="OF_NEW_HOME_ADDRESS" />
		<field fieldname="IS_FOUND_ADDRESS"	fieldtype="VARCHAR2" fieldview="OF_IS_FOUND_ADDRESS" />
		<field fieldname="IS_MOVED_ADDRESS"	fieldtype="VARCHAR2" fieldview="OF_IS_MOVED_ADDRESS" />
		<field fieldname="IS_UNKNOWN_APPLICANT"	fieldtype="VARCHAR2" fieldview="OF_IS_UNKNOWN_APPLICANT" />
		<field fieldname="REFF_ADDRESS"	fieldtype="VARCHAR2" fieldview="OF_REFF_ADDRESS" />
		<field fieldname="NAME_OF_SURVEY1"	fieldtype="VARCHAR2" fieldview="OF_NAME_OF_SURVEY1" />
		<field fieldname="SEX_TYPE"	fieldtype="VARCHAR2" fieldview="OF_SEX_TYPE" />
		<field fieldname="RESOURCE_RELATION_INFO1"	fieldtype="VARCHAR2" fieldview="OF_RESOURCE_RELATION_INFO1" />
		<field fieldname="OFFICE_NAMEPLATE"	fieldtype="VARCHAR2" fieldview="OF_OFFICE_NAMEPLATE" />
		<field fieldname="OFFICE_ENVIRONMENT"	fieldtype="VARCHAR2" fieldview="OF_OFFICE_ENVIRONMENT" />
		<field fieldname="OFFICE_LOCATION"	fieldtype="VARCHAR2" fieldview="OF_OFFICE_LOCATION" />
		<field fieldname="NUM_OF_HEAD_EMPLOYEE"	fieldtype="NUMBER" fieldview="OF_NUM_OF_HEAD_EMPLOYEE" />
		<field fieldname="NUM_OF_BRANCH_EMPLOYEE"	fieldtype="NUMBER" fieldview="OF_NUM_OF_BRANCH_EMPLOYEE" />
		<field fieldname="LENGTH_OF_BUSINESS_YEAR"	fieldtype="NUMBER" fieldview="OF_LENGTH_OF_BUSINESS_YEAR" />
		<field fieldname="LENGTH_OF_BUSINESS_MONTH"	fieldtype="NUMBER" fieldview="OF_LENGTH_OF_BUSINESS_MONTH" />
		<field fieldname="BUSINESS_TYPE"	fieldtype="VARCHAR2" fieldview="OF_BUSINESS_TYPE" />
		<field fieldname="LENGTH_OF_CURR_BUSINESS_YEAR"	fieldtype="NUMBER" fieldview="OF_LENGTH_OF_CURR_BUSINESS_YEAR" />
		<field fieldname="LENGTH_OF_CURR_BUSINESS_MONTH"	fieldtype="NUMBER" fieldview="OF_LENGTH_OF_CURR_BUSINESS_MONTH" />
		<field fieldname="EMPLOYEE_STATUS"	fieldtype="VARCHAR2" fieldview="OF_EMPLOYEE_STATUS" />
		<field fieldname="EMPLOYEE_STATUS_OTHERS"	fieldtype="VARCHAR2" fieldview="OF_EMPLOYEE_STATUS_OTHERS" />
		<field fieldname="OFFICE_EXISTENCE"	fieldtype="VARCHAR2" fieldview="OF_OFFICE_EXISTENCE" />
		<field fieldname="OFFICE_ACTIVITY"	fieldtype="VARCHAR2" fieldview="OF_OFFICE_ACTIVITY" />
		<field fieldname="OFFICE_FACILITY"	fieldtype="VARCHAR2" fieldview="OF_OFFICE_FACILITY" />
		<field fieldname="EMPLOYEE_POSITION"	fieldtype="VARCHAR2" fieldview="OF_EMPLOYEE_POSITION" />
		<field fieldname="LENGTH_OF_WORK_YEAR"	fieldtype="NUMBER" fieldview="OF_LENGTH_OF_WORK_YEAR" />
		<field fieldname="LENGTH_OF_WORK_MONTH"	fieldtype="NUMBER" fieldview="OF_LENGTH_OF_WORK_MONTH" />
		<field fieldname="EMPLOYEE_DEPARTMENT"	fieldtype="VARCHAR2" fieldview="OF_EMPLOYEE_DEPARTMENT" />
		<field fieldname="SUPERVISOR_NAME"	fieldtype="VARCHAR2" fieldview="OF_SUPERVISOR_NAME" />
		<field fieldname="NAME_OF_SURVEY2"	fieldtype="VARCHAR2" fieldview="OF_NAME_OF_SURVEY2" />
		<field fieldname="RESOURCE_RELATION_INFO2"	fieldtype="VARCHAR2" fieldview="OF_RESOURCE_RELATION_INFO2" />
		<field fieldname="IS_KNOWN_APPLICANT2"	fieldtype="VARCHAR2" fieldview="OF_IS_KNOWN_APPLICANT2" />
		<field fieldname="UNKNOWN_APPLICANT2"	fieldtype="VARCHAR2" fieldview="OF_UNKNOWN_APPLICANT2" />
		<field fieldname="IS_CORRESPOND_BUSINESS_TYPE2"	fieldtype="VARCHAR2" fieldview="OF_IS_CORRESPOND_BUSINESS_TYPE2" />
		<field fieldname="UNCORRESPOND_BUSINESS_TYPE2"	fieldtype="VARCHAR2" fieldview="OF_UNCORRESPOND_BUSINESS_TYPE2" />
		<field fieldname="IS_CORRESPOND_LENGTH_OF_BUSINESS2"	fieldtype="VARCHAR2" fieldview="OF_IS_CORRESPOND_LENGTH_OF_BUSINESS2" />
		<field fieldname="UNCORRESPOND_LENGTH_OF_BUSINESS2"	fieldtype="VARCHAR2" fieldview="OF_UNCORRESPOND_LENGTH_OF_BUSINESS2" />
		<field fieldname="IS_LSM_MEMBER2"	fieldtype="VARCHAR2" fieldview="OF_IS_LSM_MEMBER2" />
		<field fieldname="NON_LSM_MEMBER2"	fieldtype="VARCHAR2" fieldview="OF_NON_LSM_MEMBER2" />
		<field fieldname="NAME_OF_SURVEY3"	fieldtype="VARCHAR2" fieldview="OF_NAME_OF_SURVEY3" />
		<field fieldname="RESOURCE_RELATION_INFO3"	fieldtype="VARCHAR2" fieldview="OF_RESOURCE_RELATION_INFO3" />
		<field fieldname="IS_KNOWN_APPLICANT3"	fieldtype="VARCHAR2" fieldview="OF_IS_KNOWN_APPLICANT3" />
		<field fieldname="UNKNOWN_APPLICANT3"	fieldtype="VARCHAR2" fieldview="OF_UNKNOWN_APPLICANT3" />
		<field fieldname="IS_CORRESPOND_BUSINESS_TYPE3"	fieldtype="VARCHAR2" fieldview="OF_IS_CORRESPOND_BUSINESS_TYPE3" />
		<field fieldname="UNCORRESPOND_BUSINESS_TYPE3"	fieldtype="VARCHAR2" fieldview="OF_UNCORRESPOND_BUSINESS_TYPE3" />
		<field fieldname="IS_CORRESPOND_LENGTH_OF_BUSINESS3"	fieldtype="VARCHAR2" fieldview="OF_IS_CORRESPOND_LENGTH_OF_BUSINESS3" />
		<field fieldname="UNCORRESPOND_LENGTH_OF_BUSINESS3"	fieldtype="VARCHAR2" fieldview="OF_UNCORRESPOND_LENGTH_OF_BUSINESS3" />
		<field fieldname="IS_LSM_MEMBER3"	fieldtype="VARCHAR2" fieldview="OF_IS_LSM_MEMBER3" />
		<field fieldname="NON_LSM_MEMBER3"	fieldtype="VARCHAR2" fieldview="OF_NON_LSM_MEMBER3" />
		<field fieldname="IN_OUT_PHONE"	fieldtype="VARCHAR2" fieldview="OF_IN_OUT_PHONE" />
		<field fieldname="WORKING_ACTIVITY"	fieldtype="VARCHAR2" fieldview="OF_WORKING_ACTIVITY" />
		<field fieldname="WORKING_DOCUMENT"	fieldtype="VARCHAR2" fieldview="OF_WORKING_DOCUMENT" />
		<field fieldname="WORKING_EQUIPMENT"	fieldtype="VARCHAR2" fieldview="OF_WORKING_EQUIPMENT" />
		<field fieldname="INCOMING_CLIENT"	fieldtype="VARCHAR2" fieldview="OF_INCOMING_CLIENT" />
		<field fieldname="NUM_OF_EMPLOYEE_SEEN"	fieldtype="NUMBER" fieldview="OF_NUM_OF_EMPLOYEE_SEEN" />
		<field fieldname="LENGTH_OF_OFFICE"	fieldtype="NUMBER" fieldview="OF_LENGTH_OF_OFFICE" />
		<field fieldname="WIDTH_OF_OFFICE"	fieldtype="NUMBER" fieldview="OF_WIDTH_OF_OFFICE" />
		<field fieldname="ITEM_STOCK"	fieldtype="VARCHAR2" fieldview="OF_ITEM_STOCK" />
		<field fieldname="SURVEY_NOTE"	fieldtype="VARCHAR2" fieldview="OF_SURVEY_NOTE" />
		<field fieldname="SURVEY_ADD_INFO"	fieldtype="VARCHAR2" fieldview="OF_SURVEY_ADD_INFO" />
		<pkey id="1" fieldname="SURVEY_OFICE_ID" fieldtype="NUMBER" seq="SEQ_PNY_TX_SURVEY_OFFIE"/>
	</table>
	<table name="DUMMY" connid="cn1" viewonly="true">		
		<field fieldname="CLIENT_NAME" fieldtype="VARCHAR2" fieldview="CLIENT_NAME" />
		<field fieldname="BRANCH_NAME" fieldtype="VARCHAR2" fieldview="BRANCH_NAME" />
		<field fieldname="SURVEYOR_NAME" fieldtype="VARCHAR2" fieldview="SURVEYOR_NAME" />
		<field fieldname="APPL_STATUS_DESC" fieldtype="VARCHAR2" fieldview="APPL_STATUS_DESC" />
	</table>
	<select>
		SELECT
			PTA.APPL_ID,
			PTA.ACCEPT_DATE,
			(SELECT CLIENT_NAME FROM PNY_MD_CLIENT WHERE CLIENT_ID = PTA.CLIENT_ID) CLIENT_NAME ,
			PTA.CLIENT_ID,
			PTA.APPL_NO,
			PTA.APPLICANT_NAME,
			PTA.CARD_ID_NO,
			PTA.PRODUCT_TYPE,
			PTA.UPLOAD_ID,
			PTA.DELIVER_DATE,
			PTA.APPL_STATUS,
			(SELECT US_PRMINDEPENDENTVALUE.DISPLAYNAME FROM  US_PRMINDEPENDENTVALUE WHERE US_PRMINDEPENDENTVALUE.PRMNAME = 'PNY_APPL_STATUS' AND US_PRMINDEPENDENTVALUE.PRMCODEVALUE = PTA.APPL_STATUS) APPL_STATUS_DESC,
			PTA.RECORD_STATUS,
			PTA.CREATOR_ID,
			PTA.CREATE_DATE,
			PTA.LAST_USER_ID,
			PTA.LAST_UPDATE,
			PTS.SURVEY_ID,
			PTS.SURVEY_TYPE,
			PTS.SURVEYOR_ID,
			(SELECT PMS.NAME FROM PNY_MD_SURVEYOR PMS WHERE PMS.SURVEYOR_ID = PTS.SURVEYOR_ID) AS SURVEYOR_NAME,
			PTS.SURVEY_DATE,
			PTS.SURVEY_METHOD,
			PTS.ID_NO,
			PTS.NAME1,
			PTS.ADDRESS1,
			PTS.RT1,
			PTS.RW1,
			PTS.CITY1,
			PTS.BRANCH_ID1,
			(SELECT BRANCH_NAME FROM PNY_MD_BRANCH WHERE BRANCH_ID = PTS.BRANCH_ID1) AS BRANCH_NAME,
			PTS.POSTAL_CODE1,
			PTS.PHONE_CODE1,
			PTS.PHONE_NO1,
			PTS.NAME2,
			PTS.ADDRESS2,
			PTS.RT2,
			PTS.RW2,
			PTS.CITY2,
			PTS.OWNER_NAME,
			PTS.BUSINESS_TYPE,
			PTS.POSTAL_CODE2,
			PTS.PHONE_CODE2,
			PTS.PHONE_NO2,
			PTS.NOTE_FOR_SUPERVISOR,
			PTSH.SURVEY_HOME_ID,
			PTSH.IS_CORRESPOND_ADDRESS,
			PTSH.NEW_HOME_ADDRESS,
			PTSH.IS_FOUND_ADDRESS,
			PTSH.IS_MOVED_ADDRESS,
			PTSH.IS_UNKNOWN_APPLICANT,
			PTSH.REFF_ADDRESS,
			PTSH.NAME_OF_SURVEY1,
			PTSH.SEX_TYPE,
			PTSH.RESOURCE_RELATION_INFO1,
			PTSH.HOME_ENVIRONMENT,
			PTSH.HOME_LOCATION,
			PTSH.ROAD_CONDITION,
			PTSH.NUMBER_OF_AMENABILITY,
			PTSH.MARITAL_STATUS,
			PTSH.LENGTH_OF_STAY_YEAR,
			PTSH.LENGTH_OF_STAY_MONTH,
			PTSH.IS_APPLICANT_STAYED,
			PTSH.OFFICE_NAME_APPLICANT,
			PTSH.HOME_FACILITY,
			PTSH.OWNERSHIP_STATUS1,
			PTSH.NUMBER_OF_OCCUPANT,
			PTSH.MM_NAME,
			PTSH.COUPLE_NAME,
			PTSH.OFFICE_NAME_SPOUSE_APPLICANT,
			PTSH.NAME_OF_SURVEY2,
			PTSH.RESOURCE_RELATION_INFO2,
			PTSH.IS_KNOWN_APPLICANT2,
			PTSH.UNKNOWN_APPLICANT2,
			PTSH.IS_CORRESPOND_OWNERSHIP2,
			PTSH.UNCORRESPOND_OWNERSHIP2,
			PTSH.IS_CORRESPOND_LENGTH_OF_STAY2,
			PTSH.UNCORRESPOND_LENGTH_OF_STAY2,
			PTSH.IS_LSM_MEMBER2,
			PTSH.NON_LSM_MEMBER2,
			PTSH.NAME_OF_SURVEY3,
			PTSH.RESOURCE_RELATION_INFO3,
			PTSH.IS_KNOWN_APPLICANT3,
			PTSH.UNKNOWN_APPLICANT3,
			PTSH.IS_CORRESPOND_OWNERSHIP3,
			PTSH.UNCORRESPOND_OWNERSHIP3,
			PTSH.IS_CORRESPOND_LENGTH_OF_STAY3,
			PTSH.UNCORRESPOND_LENGTH_OF_STAY3,
			PTSH.IS_LSM_MEMBER3,
			PTSH.NON_LSM_MEMBER3,
			PTSH.HOME_CONDITION,
			PTSH.LENGTH_OF_LAND,
			PTSH.WIDTH_OF_LAND,
			PTSH.LENGTH_OF_BUILD,
			PTSH.WIDTH_OF_BUILD,
			PTSH.WIDTH_OF_ROAD,
			PTSH.NUMBER_OF_FLOOR,
			PTSH.NUMBER_OF_VEHICLE,
			PTSH.SURVEY_NOTE,
			PTSH.SURVEY_ADD_INFO,
			PTSO.SURVEY_OFICE_ID,
			PTSO.IS_CORRESPOND_ADDRESS AS OF_IS_CORRESPOND_ADDRESS,
			PTSO.NEW_HOME_ADDRESS AS OF_NEW_HOME_ADDRESS,
			PTSO.IS_FOUND_ADDRESS AS OF_IS_FOUND_ADDRESS,
			PTSO.IS_MOVED_ADDRESS AS OF_IS_MOVED_ADDRESS,
			PTSO.IS_UNKNOWN_APPLICANT AS OF_IS_UNKNOWN_APPLICANT,
			PTSO.REFF_ADDRESS AS OF_REFF_ADDRESS,
			PTSO.NAME_OF_SURVEY1 AS OF_NAME_OF_SURVEY1,
			PTSO.SEX_TYPE AS OF_SEX_TYPE,
			PTSO.RESOURCE_RELATION_INFO1 AS OF_RESOURCE_RELATION_INFO1,
			PTSO.OFFICE_NAMEPLATE AS OF_OFFICE_NAMEPLATE,
			PTSO.OFFICE_ENVIRONMENT AS OF_OFFICE_ENVIRONMENT,
			PTSO.OFFICE_LOCATION AS OF_OFFICE_LOCATION,
			PTSO.NUM_OF_HEAD_EMPLOYEE AS OF_NUM_OF_HEAD_EMPLOYEE,
			PTSO.NUM_OF_BRANCH_EMPLOYEE AS OF_NUM_OF_BRANCH_EMPLOYEE,
			PTSO.LENGTH_OF_BUSINESS_YEAR AS OF_LENGTH_OF_BUSINESS_YEAR,
			PTSO.LENGTH_OF_BUSINESS_MONTH AS OF_LENGTH_OF_BUSINESS_MONTH,
			PTSO.BUSINESS_TYPE AS OF_BUSINESS_TYPE,
			PTSO.LENGTH_OF_CURR_BUSINESS_YEAR AS OF_LENGTH_OF_CURR_BUSINESS_YEAR,
			PTSO.LENGTH_OF_CURR_BUSINESS_MONTH AS OF_LENGTH_OF_CURR_BUSINESS_MONTH,
			PTSO.EMPLOYEE_STATUS AS OF_EMPLOYEE_STATUS,
			PTSO.EMPLOYEE_STATUS_OTHERS AS OF_EMPLOYEE_STATUS_OTHERS,
			PTSO.OFFICE_EXISTENCE AS OF_OFFICE_EXISTENCE,
			PTSO.OFFICE_ACTIVITY AS OF_OFFICE_ACTIVITY,
			PTSO.OFFICE_FACILITY AS OF_OFFICE_FACILITY,
			PTSO.EMPLOYEE_POSITION AS OF_EMPLOYEE_POSITION,
			PTSO.LENGTH_OF_WORK_YEAR AS OF_LENGTH_OF_WORK_YEAR,
			PTSO.LENGTH_OF_WORK_MONTH AS OF_LENGTH_OF_WORK_MONTH,
			PTSO.EMPLOYEE_DEPARTMENT AS OF_EMPLOYEE_DEPARTMENT,
			PTSO.SUPERVISOR_NAME AS OF_SUPERVISOR_NAME,
			PTSO.NAME_OF_SURVEY2 AS OF_NAME_OF_SURVEY2,
			PTSO.RESOURCE_RELATION_INFO2 AS OF_RESOURCE_RELATION_INFO2,
			PTSO.IS_KNOWN_APPLICANT2 AS OF_IS_KNOWN_APPLICANT2,
			PTSO.UNKNOWN_APPLICANT2 AS OF_UNKNOWN_APPLICANT2,
			PTSO.IS_CORRESPOND_BUSINESS_TYPE2 AS OF_IS_CORRESPOND_BUSINESS_TYPE2,
			PTSO.UNCORRESPOND_BUSINESS_TYPE2 AS OF_UNCORRESPOND_BUSINESS_TYPE2,
			PTSO.IS_CORRESPOND_LENGTH_OF_BUSINESS2 AS OF_IS_CORRESPOND_LENGTH_OF_BUSINESS2,
			PTSO.UNCORRESPOND_LENGTH_OF_BUSINESS2 AS OF_UNCORRESPOND_LENGTH_OF_BUSINESS2,
			PTSO.IS_LSM_MEMBER2 AS OF_IS_LSM_MEMBER2,
			PTSO.NON_LSM_MEMBER2 AS OF_NON_LSM_MEMBER2,
			PTSO.NAME_OF_SURVEY3 AS OF_NAME_OF_SURVEY3,
			PTSO.RESOURCE_RELATION_INFO3 AS OF_RESOURCE_RELATION_INFO3,
			PTSO.IS_KNOWN_APPLICANT3 AS OF_IS_KNOWN_APPLICANT3,
			PTSO.UNKNOWN_APPLICANT3 AS OF_UNKNOWN_APPLICANT3,
			PTSO.IS_CORRESPOND_BUSINESS_TYPE3 AS OF_IS_CORRESPOND_BUSINESS_TYPE3,
			PTSO.UNCORRESPOND_BUSINESS_TYPE3 AS OF_UNCORRESPOND_BUSINESS_TYPE3,
			PTSO.IS_CORRESPOND_LENGTH_OF_BUSINESS3 AS OF_IS_CORRESPOND_LENGTH_OF_BUSINESS3,
			PTSO.UNCORRESPOND_LENGTH_OF_BUSINESS3 AS OF_UNCORRESPOND_LENGTH_OF_BUSINESS3,
			PTSO.IS_LSM_MEMBER3 AS OF_IS_LSM_MEMBER3,
			PTSO.NON_LSM_MEMBER3 AS OF_NON_LSM_MEMBER3,
			PTSO.IN_OUT_PHONE AS OF_IN_OUT_PHONE,
			PTSO.WORKING_ACTIVITY AS OF_WORKING_ACTIVITY,
			PTSO.WORKING_DOCUMENT AS OF_WORKING_DOCUMENT,
			PTSO.WORKING_EQUIPMENT AS OF_WORKING_EQUIPMENT,
			PTSO.INCOMING_CLIENT AS OF_INCOMING_CLIENT,
			PTSO.NUM_OF_EMPLOYEE_SEEN AS OF_NUM_OF_EMPLOYEE_SEEN,
			PTSO.LENGTH_OF_OFFICE AS OF_LENGTH_OF_OFFICE,
			PTSO.WIDTH_OF_OFFICE AS OF_WIDTH_OF_OFFICE,
			PTSO.ITEM_STOCK AS OF_ITEM_STOCK,
			PTSO.SURVEY_NOTE AS OF_SURVEY_NOTE,
			PTSO.SURVEY_ADD_INFO AS OF_SURVEY_ADD_INFO
		FROM PNY_TX_APPLICATION PTA
		LEFT JOIN PNY_TX_SURVEY PTS
		ON PTA.APPL_ID = PTS.APPL_ID
		LEFT JOIN PNY_TX_SURVEY_HOME PTSH
		ON PTA.APPL_ID = PTSH.APPL_ID AND PTS.SURVEY_ID = PTSH.SURVEY_ID
		LEFT JOIN PNY_TX_SURVEY_OFFICE PTSO
		ON PTA.APPL_ID = PTSO.APPL_ID AND PTS.SURVEY_ID = PTSO.SURVEY_ID		
	</select>
</root>